id,correct_answer,cot_original_extracted,cot_lexical_extracted,cot_syntactic_extracted,cot_contextual_extracted,average_accuracy,answer_consistency,ECS,ECS_decile
1,12,12.00,12.00,12.00,12.00,1.0,1.0,0.8784334560235342,3
2,40,39.96,40.0,40,40,0.75,0.75,0.9283527731895448,7
3,160,26.67,160,160,160,0.75,0.75,0.9463607370853424,9
4,245,245,245,245,245,1.0,1.0,0.9042360285917918,5
5,14,14,14,14.0,14.0,1.0,1.0,0.9358537296454112,8
6,130,130,130.0,130.0,140.0,0.75,0.75,0.798922578493754,0
7,3982,3600.0,2300,,3610.00,0.0,0.0,0.7992853124936422,0
8,30,30.0,30.00,30.0,30,1.0,1.0,0.9548093676567078,9
9,25,16,25,25,64,0.5,0.5,0.8664262692133585,2
10,584,584,584,584,397,0.75,0.75,0.9540668924649556,9
11,9,9.0,9.00,9.00,9.00,1.0,1.0,0.8683972656726837,2
12,9,9,9,9,9,1.0,1.0,0.9340167939662932,8
13,450,450,450,450,450,1.0,1.0,0.968563437461853,9
14,7,7,7,7,7,1.0,1.0,0.9074763655662536,5
15,25,25.00,25.00,25.00,25.00,1.0,1.0,0.9625748097896576,9
16,260,260,260,260.00,290,0.75,0.75,0.922876000404358,7
17,4,4,4,4,4,1.0,1.0,0.9190682570139568,6
18,360,360,360,360,360,1.0,1.0,0.8466370900472006,1
19,100,100,100,100,100,1.0,1.0,0.9692416290442148,9
20,5,5,5,5,5,1.0,1.0,0.9191351135571798,6
21,10,10,10,29,10,0.75,0.75,0.8214893738428751,0
22,4,4,4,4,4,1.0,1.0,0.9118785560131072,6
23,16,16,18,16,12,0.5,0.5,0.8620752890904745,2
24,75,37.5,75,83.34,75,0.5,0.5,0.9509902000427246,9
25,96,96,96,96,96,1.0,1.0,0.8875363767147064,4
26,700,700,700,700,700,1.0,1.0,0.9119353691736856,6
27,1,1,1,1,1,1.0,1.0,0.8441961805025736,1
28,24,24,24,24,24,1.0,1.0,0.9655546247959136,9
29,2,2,2,2.0,2,1.0,1.0,0.9537800351778666,9
30,8,2,,8,11,0.25,0.0,0.7432142595450083,0
31,5950,900,4950,1950.00,4950,0.0,0.5,0.9300008912881216,7
32,9,9,9,9,9,1.0,1.0,0.8936295807361603,4
33,65,65,65,15,65,0.75,0.75,0.8277214169502258,1
34,3,3,3,3,3,1.0,1.0,0.9393247465292612,8
35,216,216,126,216,216,0.75,0.75,0.9255619049072266,7
36,1500,425.00,275.0,,3600,0.0,0.0,0.9157286882400512,6
37,30,30,10,30,30.0,0.75,0.75,0.8971289495627085,5
38,300,300.00,300,300.00,300.00,1.0,1.0,0.9341507454713186,8
39,36,36,36,36,36,1.0,1.0,0.956195503473282,9
40,10,10,10,10,10,1.0,1.0,0.9517389535903932,9
41,20,20,20,20,20,1.0,1.0,0.9245603481928508,7
42,26,26,26,22,24,0.5,0.5,0.9284272690614064,7
43,10,10,10,10,10,1.0,1.0,0.9558527966340384,9
44,600,600,600,600,600,1.0,1.0,0.8608103394508362,2
45,407,367,407,407,407,0.75,0.75,0.9278806746006012,7
46,3,3,,,3,0.5,0.5,0.7621710002422333,0
47,6,5.25,,6.00,6.00,0.5,0.5,0.9220349192619324,7
48,9,9,9,9,9,1.0,1.0,0.8317654629548391,1
49,20,55,45,20,-55,0.25,0.0,0.8923598428567251,4
50,1500,1500,1500.00,300,1500,0.75,0.75,0.8828534682591757,4
51,5,6,9,6,9,0.0,0.5,0.8341567615667979,1
52,8798,8798.00,9798,10798,8798,0.5,0.5,0.9380925297737122,8
53,920,920,920,920,920,1.0,1.0,0.8915673096974691,4
54,23,23,23,23,23,1.0,1.0,0.9312307238578796,7
55,6,4,8,6,6,0.5,0.5,0.7959678371747335,0
56,322,322,322,322,322,1.0,1.0,0.9212226072947184,6
57,15,15,15,15,15,1.0,1.0,0.9300239980220796,7
58,50,50,50,50,50,1.0,1.0,0.9548462331295012,9
59,1440,1440,1440,1440,1440,1.0,1.0,0.8309681316216787,1
60,36,36,36,36,36,1.0,1.0,0.8289086023966471,1
61,66,66,66,96,96,0.5,0.5,0.9000702102979025,5
62,6000,6000,6000,1000.00,6000,0.75,0.75,0.9074122508366904,5
63,34,34,34,34,48,0.75,0.75,0.9297780791918436,7
64,20000,20000,20000,20000,20000,1.0,1.0,0.957558145125707,9
65,19,19,19,19,19,1.0,1.0,0.8419795234998068,1
66,240,240,165,240,,0.5,0.5,0.8869713246822357,4
67,264,48,264,48,264,0.5,0.5,0.9068735937277476,5
68,72,72,72,72,72,1.0,1.0,0.9316667119661968,8
69,135,40,0,95,145,0.0,0.0,0.8940377235412598,4
70,17,17,17,17.0,17.0,1.0,1.0,0.9128966430823008,6
71,198,198,198,198,198,1.0,1.0,0.8951429923375448,5
72,3400,3400,3400,3400.00,3400.00,1.0,1.0,0.9117544094721476,6
73,15,15,15,15,11,0.75,0.75,0.9194783767064412,6
74,67,67,67,67,67,1.0,1.0,0.9795850614706676,9
75,226,226,226,226,175,0.75,0.75,0.8868551949659983,4
76,175,175,175,175,175,1.0,1.0,0.9096438785394032,6
77,38000,38000,38000,38000,38000,1.0,1.0,0.8727525075276693,3
78,100,100,100,100.0,100.0,1.0,1.0,0.9186027844746908,6
79,25,25,23,25,25,0.75,0.75,0.9156431357065836,6
80,20,20,20,20.0,7.20,0.75,0.75,0.8675253788630167,2
81,81,81,81,81,81,1.0,1.0,0.9549989203612008,9
82,1085,1085,1085,,1085,0.75,0.75,0.8751745223999023,3
83,5,5,5,5,5,1.0,1.0,0.8847499986489614,4
84,200,200,200,200,200,1.0,1.0,0.9372754593690236,8
85,16,16,16,8.0,16.00,0.75,0.75,0.8231039543946584,0
86,5,30,5,5,0,0.5,0.5,0.9057707190513612,5
87,12,12,12,12,12,1.0,1.0,0.7940313716729482,0
88,40,40,40,40,40,1.0,1.0,0.8131969670454661,0
89,600,600,600,600,600,1.0,1.0,0.9661158124605814,9
90,5,5,5,6,5,0.75,0.75,0.9077556133270264,6
91,11,11,11,11,11,1.0,1.0,0.8864692846934,4
92,3214,2014,3214,2214,3214.00,0.5,0.5,0.8768575886885325,3
93,16,16,16,7,16,0.75,0.75,0.8727344870567322,3
94,180,180.0,180,180,180,1.0,1.0,0.9199715753396353,6
95,16,16,16,16,16,1.0,1.0,0.8604161739349365,2
96,22,22,22,22,22,1.0,1.0,0.8497475981712341,1
97,700,700,700,700,700,1.0,1.0,0.9271529118220012,7
98,6240,,1440,2400,1440,0.0,0.5,0.864888866742452,2
99,404,404,404,404,404,1.0,1.0,0.9318264822165172,8
100,3,3,4.5,4.5,3,0.5,0.5,0.9461484253406524,8
101,2,2,2,2,2,1.0,1.0,0.8703012466430664,3
102,2,2,2,2,2,1.0,1.0,0.9450738032658896,8
103,184,,184,184,184,0.75,0.75,0.8881074289480845,4
104,2,2,2,2,2,1.0,1.0,0.902045875787735,5
105,12,12,12,12,12,1.0,1.0,0.9103006819883982,6
106,8,8,8,,8,0.75,0.75,0.851321150859197,2
107,270,270,270,210,270,0.75,0.75,0.9015945295492808,5
108,3,3,3,3,3,1.0,1.0,0.9113334715366364,6
109,12,9,16,16,12,0.25,0.5,0.7978490889072418,0
110,4,4,4,4,,0.75,0.75,0.8927568991978964,4
111,56,36,56,18,76,0.25,0.0,0.8978789349397024,5
112,118,118,118,106,118,0.75,0.75,0.925067901611328,7
113,21,21,21,2,21,0.75,0.75,0.8768656849861145,3
114,70,70.0,70.0,70.0,70.0,1.0,1.0,0.9676333864529928,9
115,44,44,88,24,12,0.25,0.0,0.8567876120408376,2
116,48,50,48,18,48,0.5,0.5,0.8814308444658915,3
117,50,50.00,50.00,50.0,50.00,1.0,1.0,0.9790766636530558,9
118,2,2,2,2,2,1.0,1.0,0.8585793375968933,2
119,50,50.0,50.0,50,50.0,1.0,1.0,0.8764705856641134,3
120,53,53,,53,41,0.5,0.5,0.8899520734945933,4
121,1000,900,1000,800,1000,0.5,0.5,0.7862352033456167,0
122,1685,1685,1685,1685,1685,1.0,1.0,0.92092165350914,6
123,40,40,65,40,45,0.5,0.5,0.9016623894373575,5
124,11,11,11,11.0,11,1.0,1.0,0.9273746112982432,7
125,66,66,57,57,57,0.25,0.75,0.878395269314448,3
126,60,30,150,30,60,0.25,0.5,0.8437240024407705,1
127,69000,33000.00,,169800,36600.00,0.0,0.0,0.828499843676885,1
128,3,3,1.5,3,3,0.75,0.75,0.9362934331099192,8
129,19,19,19,19,19,1.0,1.0,0.8775928119818369,3
130,20,20,20,160,20,0.75,0.75,0.8800033132235209,3
131,245,245,245,385,245,0.75,0.75,0.8286509911219279,1
132,2412,14472,2412,2412.00,1152.00,0.5,0.5,0.919410675764084,6
133,76,76,19,76,76,0.75,0.75,0.9655906160672506,9
134,74,74,74,74,74,1.0,1.0,0.9027230242888132,5
135,300,300,133.17,300,133,0.5,0.5,0.8913166522979736,4
136,6,3,5,5,6,0.25,0.5,0.8665666182835897,2
137,8,8,13.33,8,8,0.75,0.75,0.9375300109386444,8
138,24,24,24,24,24,1.0,1.0,0.9518151680628458,9
139,1350,1350,1350,1350,1350,1.0,1.0,0.9396390517552694,8
140,31250,31250.00,6250.00,6250.00,31250,0.5,0.5,0.9148552715778352,6
141,15,15,15,15,15,1.0,1.0,0.8852468430995941,4
142,8,8,8,8,8,1.0,1.0,0.9000979959964752,5
143,300,300,300,300,385,0.75,0.75,0.8040102422237396,0
144,60,60,60,60,60,1.0,1.0,0.9345631301403046,8
145,1500,1500,2000,8000,500,0.25,0.0,0.852785994609197,2
146,7,7,15,15,67,0.25,0.5,0.8201114336649576,0
147,3,3,37.02,3,-3,0.5,0.5,0.8399563332398733,1
148,240,240,240,240,240,1.0,1.0,0.8895252446333567,4
149,120,120.00,120,1,120.0,0.75,0.75,0.7885626057783762,0
150,660,,700,1260,1060.0,0.0,0.0,0.8358542025089264,1
151,20,20,20,20,20,1.0,1.0,0.81434898575147,0
152,14,14,14,14,14,1.0,1.0,0.8873482346534729,4
153,132,132,132,132,132,1.0,1.0,0.954696387052536,9
154,355,355.00,355.00,355.50,355.50,0.5,0.5,0.8547909557819366,2
155,84,60,84,84,39,0.5,0.5,0.8760416408379873,3
156,12,10,48,10,8,0.0,0.5,0.8794122238953909,3
157,770,770,770,770.00,770.0,1.0,1.0,0.9300547341505686,7
158,40,40,40,25,40,0.75,0.75,0.913970947265625,6
159,10,10,10,0,-1,0.5,0.5,0.897955079873403,5
160,7,7,7,7,,0.75,0.75,0.9128148059050242,6
161,5,5,5,5,0,0.75,0.75,0.8890399237473806,4
162,132000,132000,132000,132000,132000,1.0,1.0,0.8341513772805532,1
163,900,900,900,900,900,1.0,1.0,0.9380471110343932,8
164,15,0,15,1,7.5,0.25,0.0,0.8417075375715891,1
165,40000,40000,40000,40000,40000,1.0,1.0,0.8733731210231781,3
166,7,6.2,6.6,5.8,6.2,0.0,0.5,0.8816505273183187,3
167,6,6,6,6,6,1.0,1.0,0.924426426490148,7
168,35,37.4,38,0.00,,0.0,0.0,0.8116463820139567,0
169,9,9,9,9,9,1.0,1.0,0.9754341344038644,9
170,12,12,12,12,12,1.0,1.0,0.8634409705797831,2
171,6,6,6,8,6,0.75,0.75,0.8230180044968923,0
172,2000,2000,2051,2000,2000,0.75,0.75,0.877677341302236,3
173,60,30,60,60,60,0.75,0.75,0.8315464854240417,1
174,936,936,936,936,936,1.0,1.0,0.8917131324609121,4
175,80,80.0,80.0,80,80,1.0,1.0,0.9361756443977356,8
176,3,3,1,3,1,0.5,0.5,0.8147003352642059,0
177,26,,40,40,40,0.0,0.75,0.9248687128225962,7
178,140,12,3,2.92,1,0.0,0.0,0.8808416922887167,3
179,15,15,15,15,50,0.75,0.75,0.8955880006154379,5
180,315,315,315,315,315,1.0,1.0,0.9475775758425394,9
181,4,0.27,-96,30,6,0.0,0.0,0.8716067771116892,3
182,6,11,5,9,9,0.0,0.5,0.8747936189174652,3
183,78400,78400,78400,78400,78400,1.0,1.0,0.8842979967594147,4
184,240,240,0,360,240,0.5,0.5,0.8509089350700378,2
185,60,60,60,60,60,1.0,1.0,0.9415596028168997,8
186,33,33,33,29,29.33,0.5,0.5,0.8450311720371246,1
187,39,39,39,39,39,1.0,1.0,0.9480364422003428,9
188,2,2,2,2,2,1.0,1.0,0.9176974296569824,6
189,94,94,94,94,94,1.0,1.0,0.8590066730976105,2
190,45,1,1,1,1,0.0,1.0,0.8137827118237814,0
191,1316,1316,1316,1316,1316,1.0,1.0,0.9649698436260224,9
192,6,6,6,6,6,1.0,1.0,0.8588732679684957,2
193,6284,6284,6284,6284,6284,1.0,1.0,0.9071310758590698,5
194,200,200,200,200,200,1.0,1.0,0.964706540107727,9
195,5,5,5,5,5,1.0,1.0,0.8923330207665762,4
196,80,80.0,80.0,80.0,1,0.75,0.75,0.9046477377414704,5
197,180,180,180.0,180,180,1.0,1.0,0.8915502826372782,4
198,17,17,17,17,17,1.0,1.0,0.8773984809716543,3
199,600,600,600,600,600,1.0,1.0,0.9242939452330272,7
200,25,25,23.75,23,25,0.5,0.5,0.8996603687604269,5
201,350,350,350,350,350,1.0,1.0,0.9252811173597972,7
202,400,1060,400,400,400,0.75,0.75,0.8437917232513428,1
203,270,270,270,270,270,1.0,1.0,0.9241020679473876,7
204,24,24,24,24,24,1.0,1.0,0.8393776416778564,1
205,16,16,16,16,16,1.0,1.0,0.9423210620880128,8
206,12,12,12,12,12,1.0,1.0,0.913955181837082,6
207,6,5.2,6.5,6.5,25/4,0.0,0.5,0.8645154237747192,2
208,100,100,100,100,100,1.0,1.0,0.9430295526981354,8
209,17,8.45,38.45,,,0.0,0.0,0.8511794805526733,2
210,130,130,130,130,130,1.0,1.0,0.9119374652703603,6
211,1979,1979,1979,1979,1979,1.0,1.0,0.9272731145222982,7
212,305,265.00,265.00,305.00,82.50,0.25,0.5,0.905213197072347,5
213,40,40,40,40,40,1.0,1.0,0.7860592106978098,0
214,50,50,50.00,50,700,0.75,0.75,0.813419371843338,0
215,20,20,20,20,20,1.0,1.0,0.9556659758090972,9
216,58,58,58,58,58,1.0,1.0,0.9138899048169454,6
217,30,30,30,50.0,30.0,0.75,0.75,0.9311676919460296,7
218,320,320,320,320,320,1.0,1.0,0.9037828743457794,5
219,8,,-2,2,38,0.0,0.0,0.8507164319356283,2
220,24,24,24,24,24,1.0,1.0,0.9569635391235352,9
221,12,12,12,24.74,12,0.75,0.75,0.8153345386187235,0
222,5,5.00,5,5.00,5.0,1.0,1.0,0.9029440780480704,5
223,2,2.50,1.89,3,1.89,0.0,0.5,0.9237001339594524,7
224,5,4.44,5,5.0,1,0.5,0.5,0.901673843463262,5
225,624,624,312,312,312,0.25,0.75,0.9280038674672444,7
226,136,136,136,136,136,1.0,1.0,0.9240322808424632,7
227,50,15,150,37.5,150,0.0,0.5,0.91487384835879,6
228,112,112,112,168,336,0.5,0.5,0.8867766261100769,4
229,27,27.0,27.00,18,27,0.75,0.75,0.922314445177714,7
230,220,110,,140,220,0.25,0.0,0.8585320810476939,2
231,10,10,10,10,10,1.0,1.0,0.8509934941927592,2
232,56,56,56,56,56,1.0,1.0,0.9150459667046864,6
233,180,180,180,180,180,1.0,1.0,0.9425421158472695,8
234,12,12.0,12.0,12,12,1.0,1.0,0.9713281194368998,9
235,10,9.00,2.50,1.50,5,0.0,0.0,0.8893121778964996,4
236,8,8,8,8,8,1.0,1.0,0.9615988532702128,9
237,6,12,12,12,12,0.0,1.0,0.8536241253217062,2
238,20,1,20,1,20,0.5,0.5,0.8423800567785898,1
239,110,170,110,550,450,0.25,0.0,0.8508943120638529,2
240,4500,4500,4500,4500.00,4500,1.0,1.0,0.850155254205068,1
241,10,10,10,10.0,10.0,1.0,1.0,0.9276047547658284,7
242,266,266,266,266,266,1.0,1.0,0.9115365048249564,6
243,104,104,104,104,104,1.0,1.0,0.9351141850153604,8
244,9,9,9,9,9,1.0,1.0,0.9368366201718648,8
245,1280,1280,1280,1280,1280,1.0,1.0,0.8753428558508555,3
246,5,5,5,5,5,1.0,1.0,0.8813599050045013,3
247,16,16,16,40,16,0.75,0.75,0.9451486269632976,8
248,57,62,57,57,62,0.5,0.5,0.9016056259473164,5
249,84,84,84,84,1236,0.75,0.75,0.8147933483123779,0
250,7,7,7,7,7,1.0,1.0,0.907240649064382,5
251,295,295,290,295,295,0.75,0.75,0.8014186422030131,0
252,21,21.00,21.00,210,2.10,0.5,0.5,0.8921649754047394,4
253,32,32,32,32,32,1.0,1.0,0.908236175775528,6
254,42000,700,42000,70,42000,0.5,0.5,0.8451347748438517,1
255,3,3,3,3,3,1.0,1.0,0.9363901019096376,8
256,4,4,4,4,4,1.0,1.0,0.8120258947213491,0
257,43,43,43,42.86,8.5,0.5,0.5,0.9195424914360046,6
258,468,468.00,468.00,468.00,468,1.0,1.0,0.8526591161886851,2
259,11,15,15,15,15,0.0,1.0,0.8999903003374735,5
260,53,53.0,53,53.0,68.0,0.75,0.75,0.8658730785051981,2
261,12,2,9,12,7,0.25,0.0,0.8491222759087881,1
262,8900,8547.56,8922.45,8922.45,8972.0,0.0,0.5,0.7807100117206573,0
263,93,93,93,279,279,0.5,0.5,0.8987738788127899,5
264,83,83,83,83,83,1.0,1.0,0.91607066988945,6
265,88,55,88,,88,0.5,0.5,0.8674429357051849,2
266,800,800,800,800,800,1.0,1.0,0.93130557735761,7
267,16,16,16,6,16,0.75,0.75,0.9462444484233856,9
268,55,55,55,55,55,1.0,1.0,0.9625791807969412,9
269,240,120,240,240,240,0.75,0.75,0.9060039222240448,5
270,5,5,5,5,5,1.0,1.0,0.9319576919078828,8
271,30,10,10,10,30,0.25,0.75,0.9022649427254996,5
272,5,5,5,5,5,1.0,1.0,0.9442396759986876,8
273,3,3,3,4,4,0.5,0.5,0.9316651622454324,7
274,200,200,30,200,30,0.5,0.5,0.8490202128887177,1
275,72000,72000,12000,72000,12000,0.5,0.5,0.9181360503037772,6
276,90,90,90,90,90,1.0,1.0,0.9287808934847512,7
277,4,4,4,4,4,1.0,1.0,0.8172691365083059,0
278,234,234,190,234,234,0.75,0.75,0.84338907400767,1
279,4,4,4,4.00,4.00,1.0,1.0,0.8152222832043966,0
280,75,75,5,75,90,0.5,0.5,0.8723722696304321,3
281,11,11.0,4.5,11.00,11,0.75,0.75,0.8760198255379995,3
282,70,70,103.33,70.0,103.33,0.5,0.5,0.8802864650885264,3
283,700,500,400,700,700,0.5,0.5,0.8518935342629751,2
284,70,23.33,23.33,50,70,0.25,0.5,0.8960172931353251,5
285,48,24,48,24,1,0.25,0.5,0.8696892956892649,3
286,320,320.00,40,240,320.00,0.5,0.5,0.5799106409152349,0
287,20,5,,5,17.5,0.0,0.5,0.8763867119948069,3
288,42,42,42,42,42,1.0,1.0,0.8859769205252329,4
289,3000,3300.00,3000,1800.00,3000,0.5,0.5,0.7911511361598969,0
290,100,500,500,100,625,0.25,0.5,0.9178474048773448,6
291,1,0.05,,,3,0.0,0.0,0.8271088401476542,0
292,16000,16000,16000,16000,16000,1.0,1.0,0.8993806640307108,5
293,170,170,170,170,170,1.0,1.0,0.941320558389028,8
294,79,79,79,79.00,79,1.0,1.0,0.9763474861780802,9
295,35,35,35,35,35,1.0,1.0,0.9361456036567688,8
296,33,37.4,33,33,33,0.75,0.75,0.8240417738755544,0
297,100,200,100,100,200,0.5,0.5,0.8455481032530466,1
298,35,35,35,35,35,1.0,1.0,0.9039291143417358,5
299,12,12.00,12.00,12.00,12.00,1.0,1.0,0.8517455160617828,2
300,36,30,36,36,36,0.75,0.75,0.8651734888553619,2
301,250,125,125,250,250,0.5,0.5,0.9174565076828004,6
302,28,53,28,28,19,0.5,0.5,0.8463958203792572,1
303,5,4,2.25,4,4,0.0,0.75,0.8255302906036377,0
304,3285,90.0,3285,3285,3285,0.75,0.75,0.8528826634089152,2
305,3600,3600,3600,3600,3600,1.0,1.0,0.8687860469023386,3
306,300,450,300,250,180,0.25,0.0,0.8936157723267873,4
307,28,28,28,28,28,1.0,1.0,0.9376518428325652,8
308,25,25,25,25,25,1.0,1.0,0.9138361712296804,6
309,55,155,483,135,,0.0,0.0,0.7880373299121857,0
310,2000,2000,2000,2000,1990,0.75,0.75,0.9227535426616668,7
311,19,24,10,16,16,0.0,0.5,0.9164388279120128,6
312,640,640.00,896.00,640.0,640.0,0.75,0.75,0.9076897998650868,5
313,200,200,50,90,100,0.25,0.0,0.9179724355538686,6
314,7200,7200.00,1,1,1,0.25,0.75,0.9114776154359182,6
315,4,4,400,400,400,0.25,0.75,0.923205425341924,7
316,220,220,220,220,220,1.0,1.0,0.925590048233668,7
317,90,90,40,80,90,0.5,0.5,0.877986878156662,3
318,200,200,200,200,200,1.0,1.0,0.916595627864202,6
319,25,25,25,25,25,1.0,1.0,0.8943010071913401,4
320,4,6,4,4,4,0.75,0.75,0.9420327047506968,8
321,60,50,60,60,60,0.75,0.75,0.8863095740477244,4
322,1124,1124,1124,1124,1124,1.0,1.0,0.8940838277339935,4
323,23,23,23,17,23,0.75,0.75,0.8905227879683176,4
324,95,74.00,95,95,95.0,0.75,0.75,0.9309788246949514,7
325,19,19,19,19,19,1.0,1.0,0.832158237695694,1
326,27,27.00,1,27,27,0.75,0.75,0.862435648838679,2
327,13,13,13,13,13,1.0,1.0,0.9484159350395204,9
328,4,4,4,6,4,0.75,0.75,0.8444205224514008,1
329,8,8,8,8,8,1.0,1.0,0.9285035928090414,7
330,165,165.0,165.00,165.0,165.0,1.0,1.0,0.9246421555678048,7
331,600,600,600,600,600,1.0,1.0,0.8820757667223612,4
332,61,85.67,61,61,0.61,0.5,0.5,0.933402826388677,8
333,72,72,72,72,72,1.0,1.0,0.9504040976365408,9
334,28,28,28,28,28,1.0,1.0,0.9392552276452384,8
335,15,15,15,15,15,1.0,1.0,0.8855966031551361,4
336,36,36,36,36,1,0.75,0.75,0.8802975714206696,3
337,3,3,3,3,3,1.0,1.0,0.9632669190565744,9
338,2,6,3/4,3/4,37,0.0,0.5,0.8694760700066885,3
339,10,10,2.5,1200,1.5,0.25,0.0,0.937154750029246,8
340,1100,1100,1,1100,1500,0.5,0.5,0.8519390126069387,2
341,300,300,300,300,300,1.0,1.0,0.9564431309700012,9
342,15,15,14.50,15.0,35,0.5,0.5,0.8474182983239492,1
343,10,640.8,10,10,20,0.5,0.5,0.8505605161190033,1
344,33,33,33,33,41,0.75,0.75,0.8795466721057892,3
345,300,300,300,300,30,0.75,0.75,0.9499363601207732,9
346,1000,1000,1000,1000,1000,1.0,1.0,0.9222079912821451,7
347,18,26/3,6,24,36,0.0,0.0,0.8476054469744364,1
348,820,1,820.00,820.0,630,0.5,0.5,0.8936014374097189,4
349,1008,504,1008,1008,1008,0.75,0.75,0.927464654048284,7
350,40,20,23.33,20,20,0.0,0.75,0.9260871609052024,7
351,144,144,144,144,144,1.0,1.0,0.9630739986896516,9
352,720,720.0,1,720,1,0.5,0.5,0.8887878855069479,4
353,2600,2600,2600,2600,2600,1.0,1.0,0.8810418347517649,3
354,21,21,21,24.5,21,0.75,0.75,0.9114549060662588,6
355,750,749.96,750.96,749,512,0.0,0.0,0.8616475959618887,2
356,15,15,15,15,15,1.0,1.0,0.9206934173901876,6
357,560,5,40,,,0.0,0.0,0.7921505471070608,0
358,4,4,4.00,4,4.00,1.0,1.0,0.8795916040738424,3
359,720,720,720,720.0,720.0,1.0,1.0,0.9234257439772288,7
360,5,5,5,5,5,1.0,1.0,0.8775815665721893,3
361,14,14,14,14,14,1.0,1.0,0.9323551257451376,8
362,6,5.00,6.00,6.00,13.50,0.5,0.5,0.8954056004683176,5
363,4,6.4,4,4,4,0.75,0.75,0.8437530100345612,1
364,250,250,250,250,250,1.0,1.0,0.9060945212841034,5
365,85,85,5,85,85,0.75,0.75,0.8816544016202291,3
366,7,7,7,3.5,70,0.5,0.5,0.9341711302598318,8
367,57,47,47,33,,0.0,0.5,0.8565137585004171,2
368,10,10,10,10,240,0.75,0.75,0.8252475460370382,0
369,23,23,23,23,,0.75,0.75,0.8595003485679626,2
370,7,7,7,7,7,1.0,1.0,0.9323588013648988,8
371,900,3600,3600,3600,3600,0.0,1.0,0.9253830313682556,7
372,259200,187200.00,280800,280800,233600.00,0.0,0.5,0.7643465002377828,0
373,50,50.0,50.0,50,50.0,1.0,1.0,0.9398026069005332,8
374,30,50.0,30.0,230.00,30.0,0.5,0.5,0.8476025660832723,1
375,43,49,43,43,43,0.75,0.75,0.823641041914622,0
376,52,52,52,66,52,0.75,0.75,0.7509173353513082,0
377,50,50,50,50,50,1.0,1.0,0.9411217073599496,8
378,13,48,,13,55,0.25,0.0,0.8282880187034607,1
379,580,-580.00,580.0,580,180,0.5,0.5,0.9253119627634684,7
380,44,44,36,1,44,0.5,0.5,0.5974743316570917,0
381,50,50,50,0,20,0.5,0.5,0.9091992576917012,6
382,41,14,14.00,41,41,0.5,0.5,0.8385521471500397,1
383,60,60,60,6,180,0.5,0.5,0.8962055345376333,5
384,6000,18000.00,1,1,,0.0,0.5,0.5485237613320351,0
385,650,650.00,650.00,1,650.00,0.75,0.75,0.8749935925006866,3
386,41,41,41,41,41,1.0,1.0,0.7665450970331827,0
387,7,7,7,7,7,1.0,1.0,0.8722550968329111,3
388,15,15,15,15,15,1.0,1.0,0.8888514439264933,4
389,288,288,216,288,576,0.5,0.5,0.8899820744991302,4
390,5,0.83,14,15,15,0.0,0.5,0.833765963713328,1
391,46,46.0,46,46,46.0,1.0,1.0,0.9499256908893584,9
392,179,179.0,179.0,179,179,1.0,1.0,0.9537934164206188,9
393,195,195,235,235,235,0.25,0.75,0.939517339070638,8
394,9,9,9,9,9,1.0,1.0,0.89372385541598,4
395,5,11,10,10,5,0.25,0.5,0.9248995184898376,7
396,11,11,13,11,11,0.75,0.75,0.8543012936909994,2
397,22,1,1,1,5.0,0.0,0.75,0.867099275191625,2
398,2934,1956,1956,2934,2934,0.5,0.5,0.6891753176848093,0
399,48,48,48,48,48,1.0,1.0,0.82243812084198,0
400,9,9,9,21.33,9,0.75,0.75,0.8598242501417795,2
401,504,504.00,189.00,504.00,207.90,0.5,0.5,0.8998342752456665,5
402,5,5,5,5,5,1.0,1.0,0.8969323436419169,5
403,24,24,24,12,,0.5,0.5,0.7397045493125916,0
404,300,300,300,300,300,1.0,1.0,0.9592464764912924,9
405,5500,750,5500.0,5500,5500.0,0.75,0.75,0.881174236536026,3
406,202,202,202,202,202.00,1.0,1.0,0.937166174252828,8
407,720,720,720,720,720,1.0,1.0,0.9452776610851288,8
408,1450,1450,1450,1450,1450,1.0,1.0,0.8449497322241465,1
409,5,5,9,5,5,0.75,0.75,0.8979308406511942,5
410,100,100,100,100,100,1.0,1.0,0.93637349208196,8
411,75,75,75,75,75,1.0,1.0,0.9357179204622904,8
412,3,3,3,3,3,1.0,1.0,0.9353905816872916,8
413,9,9,9,9,9,1.0,1.0,0.9267930587132772,7
414,12,20,12,12,12,0.75,0.75,0.8838254809379578,4
415,45,45,45,45,45,1.0,1.0,0.927739401658376,7
416,134400,134400,134400,134400,1,0.75,0.75,0.8422825336456299,1
417,4625,6300.00,3625,3625,3625,0.0,0.75,0.855982760588328,2
418,2900,2900.0,2900,2900.00,2900,1.0,1.0,0.8998765846093496,5
419,20,20,20,20,20,1.0,1.0,0.8921073873837789,4
420,36,24.00,1,9.6,,0.0,0.0,0.5766134659449259,0
421,134,134,134,134,134,1.0,1.0,0.9549871583779652,9
422,7,7,7,7,7,1.0,1.0,0.8816311955451965,3
423,25,25,25,25,25,1.0,1.0,0.8886042435963949,4
424,310,1,1,310.00,310.00,0.5,0.5,0.8518413205941519,2
425,70,55,1,70,55,0.25,0.5,0.8622358540693918,2
426,5122,5122.00,5122.00,5122.00,5122,1.0,1.0,0.9043910106023152,5
427,91,91,91,91,91,1.0,1.0,0.910036693016688,6
428,30,30,3,270,30,0.5,0.5,0.88518026471138,4
429,96,96,96,96,96,1.0,1.0,0.9504213829835256,9
430,370,370,370,370,240,0.75,0.75,0.8723948697249094,3
431,114,114,114,114,105,0.75,0.75,0.8743691643079122,3
432,1,1,1,1,1,1.0,1.0,0.9845125277837118,9
433,60,12,102,10,12,0.0,0.5,0.8532979091008505,2
434,240,1,240.00,1440.00,240,0.5,0.5,0.6172390629847845,0
435,48,36,12,48,48,0.5,0.5,0.916364312171936,6
436,75,75,75,75,11,0.75,0.75,0.8729369938373566,3
437,8,8.00,8.00,8.00,8.00,1.0,1.0,0.92547673980395,7
438,50,50,50,50,50,1.0,1.0,0.8504842321077982,1
439,40,1,40.0,40.00,40.00,0.75,0.75,0.8773903846740723,3
440,30,30,30,30,30,1.0,1.0,0.8491765260696411,1
441,15600,15600,15600,3600.00,19500,0.5,0.5,0.884516845146815,4
442,140,140,30,140,140,0.75,0.75,0.9281490941842396,7
443,65,65,65,65,65,1.0,1.0,0.9390876491864524,8
444,1600,1600,1600,1600,1600,1.0,1.0,0.8696125547091166,3
445,6,6,6,6,6,1.0,1.0,0.7834230065345764,0
446,50,50,50,50,50,1.0,1.0,0.8625637193520864,2
447,16,16,16,16,16,1.0,1.0,0.8630954722563425,2
448,70,70,65,70,70,0.75,0.75,0.874672919511795,3
449,210,210,210,210,210,1.0,1.0,0.843824565410614,1
450,30,28,30,30,28,0.5,0.5,0.9181585510571798,6
451,768,768,768,768,768,1.0,1.0,0.9522792299588522,9
452,420,420,420,420,420,1.0,1.0,0.9721303284168245,9
453,40,40,40,40.0,40,1.0,1.0,0.896420399347941,5
454,5,5,29,0,5,0.5,0.5,0.8895557920138041,4
455,50,50,50,43,50,0.75,0.75,0.9006433486938477,5
456,18,18,18,18,18,1.0,1.0,0.8640409111976624,2
457,200,200.00,200.00,5,200.00,0.75,0.75,0.91139621535937,6
458,1680000,4800,1680000,840000000.00,2640000,0.25,0.0,0.8344351748625437,1
459,18,18,18.0,18.0,18,1.0,1.0,0.9366159737110138,8
460,14,11,11,11,11,0.0,1.0,0.9148533145586648,6
461,60,60,60,60.0,60,1.0,1.0,0.9171662131945292,6
462,14,14,14,14,34,0.75,0.75,0.9345227082570394,8
463,6,6,6,6,5,0.75,0.75,0.888318141301473,4
464,20,20,30,20,20,0.75,0.75,0.8977871735890707,5
465,18,18,18,10.00,18.0,0.75,0.75,0.915691981712977,6
466,81,96,81,81,81,0.75,0.75,0.8609121044476827,2
467,10,10,10,10,10,1.0,1.0,0.9255230824152628,7
468,484,484,484,452,472,0.5,0.5,0.8946660757064819,5
469,6,6,6,6,6,1.0,1.0,0.8698159754276276,3
470,50,16.67,33.33,50,40,0.25,0.0,0.8437824050585429,1
471,360,240,350.0,250.00,360,0.25,0.0,0.8553289373715719,2
472,673,673,673,666.0,673,0.75,0.75,0.8317257364590963,1
473,32,32,32,32,32,1.0,1.0,0.9319425026575724,8
474,100,100.00,100.00,100.00,100.00,1.0,1.0,0.9018588364124298,5
475,2250,2250,2250,2250,1750,0.75,0.75,0.9349623421827952,8
476,225,225,225,225,225,1.0,1.0,0.9238207638263702,7
477,840,840,1080,840,840.0,0.75,0.75,0.8951662083466848,5
478,110,110,92,1420,230,0.25,0.0,0.8380157152811686,1
479,324,324.00,108,324.00,216,0.5,0.5,0.9406123161315918,8
480,113,113,113,113,113,1.0,1.0,0.8337173064549764,1
481,20,20,20,20,20,1.0,1.0,0.9291547338167826,7
482,274,274,274,270,282,0.5,0.5,0.9133493602275848,6
483,24,24,90,20,5,0.25,0.0,0.8821011284987131,4
484,39,1,45,36,1,0.0,0.5,0.8566811084747314,2
485,44,44,44,44,44,1.0,1.0,0.8756077686945597,3
486,120,120.0,120.0,120,60,0.75,0.75,0.8845580220222473,4
487,100,0.008,3,100,2,0.25,0.0,0.8778248230616251,3
488,10,20,10,20,10,0.5,0.5,0.8829506238301595,4
489,1,0.50,60.0,,50,0.0,0.0,0.8890911440054575,4
490,3,3,3,3,3,1.0,1.0,0.9040144085884094,5
491,11,11,11,11,11,1.0,1.0,0.954761803150177,9
492,96,96,1,96.0,71.83,0.5,0.5,0.8305739959081014,1
493,200,200.0,200.00,50.00,200.0,0.75,0.75,0.8575312693913778,2
494,7,7,7,7,13/4,0.75,0.75,0.8850200970967611,4
495,9,11,12,9,8,0.25,0.0,0.84140611688296,1
496,20,20,20,20,20,1.0,1.0,0.904814104239146,5
497,6,6,6,6,6,1.0,1.0,0.9486942986647288,9
498,1,1,1,1,1,1.0,1.0,0.9057780504226683,5
499,5500,5500,500,5000,5000,0.25,0.5,0.8055172860622406,0
500,9,9,9,9,9,1.0,1.0,0.7955447832743326,0
